{
  "PATCH_UpdateObject" : {
    "transaction" : "PATCH_UpdateObject",
    "sampleCount" : 1,
    "errorCount" : 0,
    "errorPct" : 0.0,
    "meanResTime" : 212.0,
    "medianResTime" : 212.0,
    "minResTime" : 212.0,
    "maxResTime" : 212.0,
    "pct1ResTime" : 212.0,
    "pct2ResTime" : 212.0,
    "pct3ResTime" : 212.0,
    "throughput" : 4.716981132075471,
    "receivedKBytesPerSec" : 3.7680571933962264,
    "sentKBytesPerSec" : 1.179245283018868
  },
  "POST_Objects" : {
    "transaction" : "POST_Objects",
    "sampleCount" : 1,
    "errorCount" : 0,
    "errorPct" : 0.0,
    "meanResTime" : 1511.0,
    "medianResTime" : 1511.0,
    "minResTime" : 1511.0,
    "maxResTime" : 1511.0,
    "pct1ResTime" : 1511.0,
    "pct2ResTime" : 1511.0,
    "pct3ResTime" : 1511.0,
    "throughput" : 0.6618133686300464,
    "receivedKBytesPerSec" : 0.5209195069490404,
    "sentKBytesPerSec" : 0.20229256287227004
  },
  "Total" : {
    "transaction" : "Total",
    "sampleCount" : 4,
    "errorCount" : 0,
    "errorPct" : 0.0,
    "meanResTime" : 513.25,
    "medianResTime" : 194.0,
    "minResTime" : 154.0,
    "maxResTime" : 1511.0,
    "pct1ResTime" : 1511.0,
    "pct2ResTime" : 1511.0,
    "pct3ResTime" : 1511.0,
    "throughput" : 1.8788163457022078,
    "receivedKBytesPerSec" : 1.4302122475340535,
    "sentKBytesPerSec" : 0.449062793565054
  },
  "DELETE_Object" : {
    "transaction" : "DELETE_Object",
    "sampleCount" : 1,
    "errorCount" : 0,
    "errorPct" : 0.0,
    "meanResTime" : 176.0,
    "medianResTime" : 176.0,
    "minResTime" : 176.0,
    "maxResTime" : 176.0,
    "pct1ResTime" : 176.0,
    "pct2ResTime" : 176.0,
    "pct3ResTime" : 176.0,
    "throughput" : 5.681818181818182,
    "receivedKBytesPerSec" : 4.061612215909091,
    "sentKBytesPerSec" : 1.1985085227272727
  },
  "GET_ListObject" : {
    "transaction" : "GET_ListObject",
    "sampleCount" : 1,
    "errorCount" : 0,
    "errorPct" : 0.0,
    "meanResTime" : 154.0,
    "medianResTime" : 154.0,
    "minResTime" : 154.0,
    "maxResTime" : 154.0,
    "pct1ResTime" : 154.0,
    "pct2ResTime" : 154.0,
    "pct3ResTime" : 154.0,
    "throughput" : 6.493506493506494,
    "receivedKBytesPerSec" : 4.83208198051948,
    "sentKBytesPerSec" : 1.2302150974025974
  }
}